Source,Target,Type,Id,Label,Weight
未知1,光德坊,Undirected,0,,1
光德坊,大明宫,Undirected,1,,1
光宅坊,太极宫,Undirected,2,,1
延政坊,太极宫,Undirected,3,,1
长乐坊,太极宫,Undirected,4,,1
太极宫,光宅坊,Undirected,5,,1
太极宫,延政坊,Undirected,6,,1
太极宫,长乐坊,Undirected,7,,1
大明宫,晋昌坊,Undirected,8,,1
晋昌坊,大明宫,Undirected,9,,1
大明宫,长兴坊,Undirected,10,,1
未知2,光福坊,Undirected,11,,1
慈惠坊,兴庆宫,Undirected,12,,1
慈惠坊,光德坊,Undirected,13,,1
宣义坊,未知3,Undirected,14,,1
未知4,兴庆宫,Undirected,15,,1
永崇坊,未知5,Undirected,16,,1
大明宫,晋昌坊,Undirected,17,,1
西市,晋昌坊,Undirected,18,,1
太极宫,未知6,Undirected,19,,1
永兴坊,未知6,Undirected,20,,1
隆政坊,鬼域,Undirected,21,,1
延福坊,鬼域,Undirected,22,,1
太极宫,安仁坊,Undirected,23,,1
安仁坊,太极宫,Undirected,24,,1
布政坊,鬼域,Undirected,25,,1
通济坊,西市,Undirected,26,,1
颁政坊,渭河,Undirected,27,,1
颁政坊,兴庆宫,Undirected,28,,1
未知7,兴庆宫,Undirected,29,,1
兴庆宫,华清宫,Undirected,30,,1
兴庆宫,未知57,Undirected,31,,1
未知8,宣平坊,Undirected,32,,1
宣平坊,升平坊,Undirected,33,,1
未知9,西市,Undirected,34,,1
曲江,晋昌坊,Undirected,35,,1
晋昌坊,未知10,Undirected,36,,1
西市,光德里,Undirected,37,,1
光德里,西市,Undirected,38,,1
未知11,道政坊,Undirected,39,,1
未知12,大明宫,Undirected,40,,1
道政坊,未知13,Undirected,41,,1
未知14,大明宫,Undirected,42,,1
宣阳坊,大明宫,Undirected,43,,1
宣阳坊,西苑,Undirected,44,,1
宣阳坊,兴庆宫,Undirected,45,,1
成都,兴庆宫,Undirected,46,,1
未知15,宣阳坊,Undirected,47,,1
崇仁坊,东市,Undirected,48,,1
宣阳坊,东市,Undirected,49,,1
并州,大明宫,Undirected,50,,1
光福坊,未知16,Undirected,51,,1
未知17,光福坊,Undirected,52,,1
光福坊,大明宫,Undirected,53,,1
大明宫,光福坊,Undirected,54,,1
兴庆宫,大明宫,Undirected,55,,1
道术坊,兴庆宫,Undirected,56,,1
新昌坊,胜业坊,Undirected,57,,1
胜业坊,西市,Undirected,58,,1
大明宫,西市,Undirected,59,,1
西市,大明宫,Undirected,60,,1
未知18,晋昌坊,Undirected,61,,1
晋昌坊,胜业坊,Undirected,62,,1
胜业坊,未知19,Undirected,63,,1
务本坊,鬼域,Undirected,64,,1
通化门,崇仁坊,Undirected,65,,1
太极宫,崇仁坊,Undirected,66,,1
太极宫,崇仁坊,Undirected,67,,1
太极宫,崇仁坊,Undirected,68,,1
神界,崇仁坊,Undirected,69,,1
正平坊,晋昌坊,Undirected,70,,1
晋昌坊,鬼域,Undirected,71,,1
晋昌坊,正平坊,Undirected,72,,1
未知20,曲江,Undirected,73,,1
淳和坊,兴庆宫,Undirected,74,,1
兴庆宫,光德坊,Undirected,75,,1
兴庆宫,宣阳坊,Undirected,76,,1
光德坊,春明门,Undirected,77,,1
宣阳坊,春明门,Undirected,78,,1
兴庆宫,东市,Undirected,79,,1
兴庆宫,西市,Undirected,80,,1
东市,金光门,Undirected,81,,1
兴庆宫,金光门,Undirected,82,,1
长寿坊,兴庆宫,Undirected,83,,1
兴庆宫,长寿坊,Undirected,84,,1
未知21,鬼域,Undirected,85,,1
鬼域,未知22,Undirected,86,,1
未知23,大明宫,Undirected,87,,1
未知24,大明宫,Undirected,88,,1
永宁坊,皇城,Undirected,89,,1
皇城,中书省,Undirected,90,,1
中书省,皇城,Undirected,91,,1
归义坊,鬼域,Undirected,92,,1
永丰坊,鬼域,Undirected,93,,1
长寿坊,鬼域,Undirected,94,,1
积善坊,鬼域,Undirected,95,,1
安兴坊,怀仁坊,Undirected,96,,1
怀仁坊,安兴坊,Undirected,97,,1
光化门,终南山,Undirected,98,,1
未知25,兴庆宫,Undirected,99,,1
兴庆宫,未知26,Undirected,100,,1
兴化坊,西市,Undirected,101,,1
新昌坊,鬼域,Undirected,102,,1
大宁坊,崇仁坊,Undirected,103,,1
崇贤坊,通化门,Undirected,104,,1
通化门,平康坊,Undirected,105,,1
平康坊,天门街,Undirected,106,,1
未知27,通化门,Undirected,107,,1
大明宫,未知28,Undirected,108,,1
顺义门,晋昌坊,Undirected,109,,1
晋昌坊,鬼域,Undirected,110,,1
鬼域,晋昌坊,Undirected,111,,1
未知29,鬼域,Undirected,112,,1
鬼域,未知30,Undirected,113,,1
未知31,鬼域,Undirected,114,,1
鬼域,未知32,Undirected,115,,1
未知33,鬼域,Undirected,116,,1
鬼域,鱼万盈,Undirected,117,,1
兴化坊,大明宫,Undirected,118,,1
兴化坊,启夏门,Undirected,119,,1
兴化坊,启夏门,Undirected,120,,1
新昌街,兴化里,Undirected,121,,1
新昌街,光德坊,Undirected,122,,1
安兴坊,成义坊,Undirected,123,,1
广化坊,成义坊,Undirected,124,,1
成义坊,安兴坊,Undirected,125,,1
成义坊,广化坊,Undirected,126,,1
宣义坊,未知34,Undirected,127,,1
未知35,春明门,Undirected,128,,1
未知36,中书省,Undirected,129,,1
中书省,大明宫,Undirected,130,,1
大明宫,未知37,Undirected,131,,1
崇义坊,鬼域,Undirected,132,,1
未知38,宣阳坊,Undirected,133,,1
光德坊,大明宫,Undirected,134,,1
鬼域,崇义坊,Undirected,135,,1
未知39,宣平坊,Undirected,136,,1
未知40,兴庆宫,Undirected,137,,1
兴庆宫,未知41,Undirected,138,,1
兴庆宫,怀远坊,Undirected,139,,1
怀远坊,兴庆宫,Undirected,140,,1
兴庆宫,怀远坊,Undirected,141,,1
怀远坊,宣平坊,Undirected,142,,1
宣平坊,鬼域,Undirected,143,,1
安仁坊,大明宫,Undirected,144,,1
大明宫,中书省,Undirected,145,,1
未知42,东市,Undirected,146,,1
东市,西市,Undirected,147,,1
永兴坊,鬼域,Undirected,148,,1
未知43,延康坊,Undirected,149,,1
东市,平康坊,Undirected,150,,1
外地,升道坊,Undirected,151,,1
鬼域,长乐坊,Undirected,152,,1
未知44,西市,Undirected,153,,1
未知45,晋昌坊,Undirected,154,,1
终南山,晋昌坊,Undirected,155,,1
渭水之滨,晋昌坊,Undirected,156,,1
宣义坊,兴庆宫,Undirected,157,,1
兴庆宫,宣义坊,Undirected,158,,1
平康坊,平康坊,Undirected,159,,1
平康坊,宣平坊,Undirected,160,,1
宣平坊,平康坊,Undirected,161,,1
未知46,尚书省,Undirected,162,,1
尚书省,曲江,Undirected,163,,1
未知47,保宁坊,Undirected,164,,1
未知48,保宁坊,Undirected,165,,1
务本坊,保宁坊,Undirected,166,,1
宣阳坊,太极宫,Undirected,167,,1
保宁坊,未知49,Undirected,168,,1
未知50,太极宫,Undirected,169,,1
未知51,太极宫,Undirected,170,,1
未知52,门下省,Undirected,171,,1
兴庆坊,未知53,Undirected,172,,1
未知54,尚书省,Undirected,173,,1
尚书省,大明宫,Undirected,174,,1
长乐坊,安兴坊,Undirected,175,,1
长乐坊,兴道坊,Undirected,176,,1
亲仁坊,安兴坊,Undirected,177,,1
亲仁坊,兴道坊,Undirected,178,,1
永昌坊,安邑坊,Undirected,179,,1
安邑坊,永昌坊,Undirected,180,,1
永昌坊,安兴坊,Undirected,181,,1
永昌坊,兴道坊,Undirected,182,,1
永乐坊,大明宫,Undirected,183,,1
靖安坊,永乐坊,Undirected,184,,1
靖安坊,尚书省,Undirected,185,,1
尚书省,靖安坊,Undirected,186,,1
光福坊,大明宫,Undirected,187,,1
大明宫,光福坊,Undirected,188,,1
未知55,新昌坊,Undirected,189,,1
神界,晋昌坊,Undirected,190,,1
晋昌坊,神界,Undirected,191,,1
新昌坊,新昌坊,Undirected,192,,1
胜业坊,延福坊,Undirected,193,,1
胜业坊,延福坊,Undirected,194,,1
胜业坊,延福坊,Undirected,195,,1
延福坊,胜业坊,Undirected,196,,1
延福坊,长寿坊,Undirected,197,,1
长寿坊,延福坊,Undirected,198,,1
延福坊,鬼域,Undirected,199,,1
延福坊,鬼域,Undirected,200,,1
崇贤坊,外地,Undirected,201,,1
未知56,金光门,Undirected,202,,1
金光门,崇贤坊,Undirected,203,,1
布政坊,东市,Undirected,204,,1
平康坊,布政坊,Undirected,205,,1
平康坊,通义坊,Undirected,206,,1
通义坊,宣阳坊,Undirected,207,,1
宣阳坊,平康坊,Undirected,208,,1
宣阳坊,布政坊,Undirected,209,,1
布政坊,西市,Undirected,210,,1
西市,东市,Undirected,211,,1
东市,天门街,Undirected,212,,1
东市,崇仁坊,Undirected,213,,1
崇仁坊,通善坊,Undirected,214,,1
通善坊,东市,Undirected,215,,1
东市,安邑坊,Undirected,216,,1
安邑坊,尚书省,Undirected,217,,1
安邑坊,兴庆宫,Undirected,218,,1
崇仁坊,天门街,Undirected,219,,1
宣阳坊,安邑坊,Undirected,220,,1
平康坊,安邑坊,Undirected,221,,1
善和坊,长寿坊,Undirected,222,,1
长寿坊,光德坊,Undirected,223,,1
兴道坊,宣阳坊,Undirected,224,,1
宣阳坊,光德坊,Undirected,225,,1
西市,天门街,Undirected,226,,1
